{"_wandb":{"runtime":1005},"loss":1.6765196323394775,"_timestamp":1.743126569979417e+09,"_runtime":675.746225,"_step":500,"step":499,"training_loss_curve":{"height":480,"_type":"image-file","sha256":"bc78d021656e157313831933f4e851306d98220f449f3567a58fdcee99cbea25","size":39255,"path":"media/images/training_loss_curve_500_bc78d021656e15731383.png","format":"png","width":640}}